"term","estimate","std.error","statistic","p.value","conf.low","conf.high"
"(Intercept)",0.015,1.253,-3.363,0.001,0.001,0.164
"lipid_years",1.006,0.002,2.445,0.014,1.001,1.01
"sex",2.995,0.482,2.275,0.023,1.177,7.923
"diabetes",3.982,0.781,1.768,0.077,0.817,18.354
"ever_smoked",1.204,0.483,0.384,0.701,0.449,3.035
"lpa_143",4.049,0.48,2.913,0.004,1.58,10.557
"inv_hdl",3.302,1.036,1.153,0.249,0.424,25.552
"log_apob_ldl",3.805,0.667,2.005,0.045,1.071,14.809
"has_phys_sign",3.425,0.473,2.602,0.009,1.375,8.93
