"variant","outcome","test","group","label","level","n","events","auc","ci_low","ci_high"
"CALON9_noApoB","ascvd","South Wales FH","sex","sex","0",247,26,0.865123564218587,0.809027231159953,0.921219897277221
"CALON9_noApoB","ascvd","South Wales FH","sex","sex","1",170,35,0.905820105820106,0.862355988349065,0.949284223291146
"CALON9_noApoB","ascvd","South Wales FH","age","age","<50",287,17,0.902178649237473,0.838111249470894,0.966246049004052
"CALON9_noApoB","ascvd","South Wales FH","age","age","50-65",97,28,0.703416149068323,0.591778621860662,0.815053676275984
"CALON9_noApoB","ascvd","South Wales FH","age","age",">65",33,16,0.779411764705882,0.61267480076513,0.946148728646635
"CALON9_noApoB","ascvd","South Wales FH","ldl","ldl","4.0-6.0",84,23,0.873129009265859,0.79618538932542,0.950072629206298
"CALON9_noApoB","ascvd","South Wales FH","ldl","ldl",">6.0",315,32,0.893661660777385,0.8488699766265,0.93845334492827
"CALON9_noApoB","ascvd","South Wales FH","diabetes","diabetes","0",396,52,0.879639982110912,0.837821438725171,0.921458525496654
"CALON9_noApoB","ascvd","South Wales FH","hypertension","hypertension","0",343,28,0.87437641723356,0.815851146320984,0.932901688146136
"CALON9_noApoB","ascvd","South Wales FH","hypertension","hypertension","1",74,33,0.662232076866223,0.536054935043744,0.788409218688703
"CALON9_noApoB","ascvd","South Wales FH","ever_smoked","ever_smoked","0",319,34,0.891228070175439,0.845629427243361,0.936826713107516
"CALON9_noApoB","ascvd","South Wales FH","ever_smoked","ever_smoked","1",98,27,0.841940532081377,0.757538408083821,0.926342656078934
"CALON9_noApoB","ascvd","UKB-LipidClinic","sex","sex","0",362,72,0.710105363984674,0.639529841522996,0.780680886446352
"CALON9_noApoB","ascvd","UKB-LipidClinic","sex","sex","1",233,71,0.711441488436794,0.642679058922286,0.780203917951301
"CALON9_noApoB","ascvd","UKB-LipidClinic","age","age","<50",144,25,0.696806722689076,0.570772703484778,0.822840741893373
"CALON9_noApoB","ascvd","UKB-LipidClinic","age","age","50-65",367,91,0.775282688326167,0.721738112329893,0.82882726432244
"CALON9_noApoB","ascvd","UKB-LipidClinic","age","age",">65",84,27,0.599740090968161,0.468146204685973,0.731333977250349
"CALON9_noApoB","ascvd","UKB-LipidClinic","ldl","ldl","4.0-6.0",371,79,0.715710074562164,0.651315102799502,0.780105046324826
"CALON9_noApoB","ascvd","UKB-LipidClinic","ldl","ldl",">6.0",224,64,0.74013671875,0.667886899057207,0.812386538442793
"CALON9_noApoB","ascvd","UKB-LipidClinic","diabetes","diabetes","0",575,132,0.716447773445516,0.666583890384207,0.766311656506825
"CALON9_noApoB","ascvd","UKB-LipidClinic","hypertension","hypertension","0",451,85,0.726165220186435,0.662242817702482,0.790087622670388
"CALON9_noApoB","ascvd","UKB-LipidClinic","hypertension","hypertension","1",144,58,0.578187650360866,0.482321014732488,0.674054285989244
"CALON9_noApoB","ascvd","UKB-LipidClinic","ever_smoked","ever_smoked","0",349,58,0.667081407749733,0.587193760904385,0.746969054595081
"CALON9_noApoB","ascvd","UKB-LipidClinic","ever_smoked","ever_smoked","1",246,85,0.70288637194008,0.636962730562534,0.768810013317626
"CALON9_noApoB","ascvd","UKB-NonClinic","sex","sex","0",533,107,0.694418849545873,0.638156142765656,0.750681556326091
"CALON9_noApoB","ascvd","UKB-NonClinic","sex","sex","1",494,149,0.718743312907305,0.671041539487016,0.766445086327593
"CALON9_noApoB","ascvd","UKB-NonClinic","age","age","<50",267,28,0.652570233114166,0.541736228823577,0.763404237404756
"CALON9_noApoB","ascvd","UKB-NonClinic","age","age","50-65",611,162,0.679644752399021,0.630702037544928,0.728587467253114
"CALON9_noApoB","ascvd","UKB-NonClinic","age","age",">65",149,66,0.634538152610442,0.545080068044705,0.723996237176178
"CALON9_noApoB","ascvd","UKB-NonClinic","ldl","ldl","<4.0",567,143,0.708685182741786,0.66032467560034,0.757045689883233
"CALON9_noApoB","ascvd","UKB-NonClinic","ldl","ldl","4.0-6.0",460,113,0.737165591288159,0.684573792735312,0.789757389841006
"CALON9_noApoB","ascvd","UKB-NonClinic","diabetes","diabetes","0",956,218,0.701909450287163,0.663056883802462,0.740762016771865
"CALON9_noApoB","ascvd","UKB-NonClinic","diabetes","diabetes","1",71,38,0.686602870813397,0.562791804054464,0.81041393757233
"CALON9_noApoB","ascvd","UKB-NonClinic","hypertension","hypertension","0",724,138,0.678080328436464,0.629520146391396,0.726640510481532
"CALON9_noApoB","ascvd","UKB-NonClinic","hypertension","hypertension","1",303,118,0.695556573522675,0.635992922151225,0.755120224894126
"CALON9_noApoB","ascvd","UKB-NonClinic","ever_smoked","ever_smoked","0",568,108,0.725905797101449,0.671490882996747,0.780320711206152
"CALON9_noApoB","ascvd","UKB-NonClinic","ever_smoked","ever_smoked","1",459,148,0.679542886938385,0.626236639282461,0.73284913459431
"CALON9_noApoB","ascvd","Wales","sex","sex","0",1026,111,0.844808743169399,0.814593933117999,0.875023553220799
"CALON9_noApoB","ascvd","Wales","sex","sex","1",789,179,0.824791647586775,0.794280317873718,0.855302977299833
"CALON9_noApoB","ascvd","Wales","age","age","<50",855,24,0.85810268752507,0.799711009914977,0.916494365135163
"CALON9_noApoB","ascvd","Wales","age","age","50-65",463,90,0.73193327375633,0.677602396242362,0.786264151270299
"CALON9_noApoB","ascvd","Wales","age","age",">65",496,176,0.686097301136364,0.637886041881052,0.734308560391675
"CALON9_noApoB","ascvd","Wales","ldl","ldl","<4.0",181,22,0.93767867352773,0.902723945778563,0.972633401276897
"CALON9_noApoB","ascvd","Wales","ldl","ldl","4.0-6.0",307,45,0.903477523324852,0.865802894415561,0.941152152234142
"CALON9_noApoB","ascvd","Wales","ldl","ldl",">6.0",1327,223,0.814417202833561,0.787984278940183,0.840850126726938
"CALON9_noApoB","ascvd","Wales","diabetes","diabetes","0",1654,237,0.853074034702185,0.831357412305855,0.874790657098515
"CALON9_noApoB","ascvd","Wales","diabetes","diabetes","1",161,53,0.716107617051013,0.636230593915016,0.79598464018701
"CALON9_noApoB","ascvd","Wales","hypertension","hypertension","0",1480,166,0.848366067007757,0.823419291769876,0.873312842245637
"CALON9_noApoB","ascvd","Wales","hypertension","hypertension","1",335,124,0.710441828466595,0.653985927243169,0.766897729690022
"CALON9_noApoB","ascvd","Wales","ever_smoked","ever_smoked","0",1461,249,0.845480933635532,0.82318987316027,0.867771994110795
"CALON9_noApoB","ascvd","Wales","ever_smoked","ever_smoked","1",354,41,0.841502376685109,0.787747103023371,0.895257650346846
"CALON9_+lpa143","ascvd_incident","UKB-LipidClinic","sex","sex","0",362,47,0.687605538669368,0.609248140374664,0.765962936964073
"CALON9_+lpa143","ascvd_incident","UKB-LipidClinic","sex","sex","1",233,52,0.730875478113047,0.65819378345138,0.803557172774714
"CALON9_+lpa143","ascvd_incident","UKB-LipidClinic","age","age","<50",144,21,0.754936120789779,0.637280226371336,0.872592015208223
"CALON9_+lpa143","ascvd_incident","UKB-LipidClinic","age","age","50-65",367,62,0.716340560549974,0.646874189457413,0.785806931642534
"CALON9_+lpa143","ascvd_incident","UKB-LipidClinic","age","age",">65",84,16,0.754595588235294,0.631716293527165,0.877474882943423
"CALON9_+lpa143","ascvd_incident","UKB-LipidClinic","ldl","ldl","4.0-6.0",371,53,0.701910525691231,0.626209198842111,0.77761185254035
"CALON9_+lpa143","ascvd_incident","UKB-LipidClinic","ldl","ldl",">6.0",224,46,0.725574010747435,0.651775998283529,0.799372023211342
"CALON9_+lpa143","ascvd_incident","UKB-LipidClinic","diabetes","diabetes","0",575,92,0.718674048069133,0.663110309540106,0.774237786598161
"CALON9_+lpa143","ascvd_incident","UKB-LipidClinic","hypertension","hypertension","0",451,61,0.718411097099622,0.65111934734598,0.785702846853264
"CALON9_+lpa143","ascvd_incident","UKB-LipidClinic","hypertension","hypertension","1",144,38,0.681479642502483,0.586440283725075,0.77651900127989
"CALON9_+lpa143","ascvd_incident","UKB-LipidClinic","ever_smoked","ever_smoked","0",349,46,0.666379681446405,0.579736592567247,0.753022770325565
"CALON9_+lpa143","ascvd_incident","UKB-LipidClinic","ever_smoked","ever_smoked","1",246,53,0.735360250268843,0.668157728526224,0.802562772011463
"CALON9_+lpa143","ascvd_incident","UKB-NonClinic","sex","sex","0",533,49,0.680258053634677,0.606520037951905,0.753996069317449
"CALON9_+lpa143","ascvd_incident","UKB-NonClinic","sex","sex","1",494,63,0.715537877950871,0.653828903238648,0.777246852663094
"CALON9_+lpa143","ascvd_incident","UKB-NonClinic","age","age","<50",267,22,0.647866419294991,0.527385851345973,0.768346987244008
"CALON9_+lpa143","ascvd_incident","UKB-NonClinic","age","age","50-65",611,63,0.688796199745105,0.625167757116613,0.752424642373597
"CALON9_+lpa143","ascvd_incident","UKB-NonClinic","age","age",">65",149,27,0.724954462659381,0.635558549878634,0.814350375440127
"CALON9_+lpa143","ascvd_incident","UKB-NonClinic","ldl","ldl","<4.0",567,55,0.678764204545454,0.61452986236786,0.742998546723049
"CALON9_+lpa143","ascvd_incident","UKB-NonClinic","ldl","ldl","4.0-6.0",460,57,0.744808671803578,0.677944100117033,0.811673243490123
"CALON9_+lpa143","ascvd_incident","UKB-NonClinic","diabetes","diabetes","0",956,100,0.691098130841121,0.640815132056957,0.741381129625287
"CALON9_+lpa143","ascvd_incident","UKB-NonClinic","diabetes","diabetes","1",71,12,0.769774011299435,0.641341998496597,0.898206024102273
"CALON9_+lpa143","ascvd_incident","UKB-NonClinic","hypertension","hypertension","0",724,72,0.66915899795501,0.609067890587331,0.72925010532269
"CALON9_+lpa143","ascvd_incident","UKB-NonClinic","hypertension","hypertension","1",303,40,0.779562737642586,0.711893691950202,0.847231783334969
"CALON9_+lpa143","ascvd_incident","UKB-NonClinic","ever_smoked","ever_smoked","0",568,48,0.717988782051282,0.645335945042483,0.790641619060082
"CALON9_+lpa143","ascvd_incident","UKB-NonClinic","ever_smoked","ever_smoked","1",459,64,0.673852848101266,0.606423641818806,0.741282054383726
