item,value,source_file,raw_field,formula
cohort_n,8110.0,ukb_FULL_MASTER.csv,rows post-dedup-and-merge,"Wales family-deduped from 7,253 to 4570; UKB carriers 3540"
events,1358.0,,ascvd composite,mi_acs|pci|cabg|angina|tia|pvd (Wales) | prevalent_ascvd (UKB)
AUC_CALON_pooled,0.852,,model output,Rubin-pooled across m=5; 70/30 split; bootstrap CI 0.8420-0.8614
AUC_SRE_pooled,0.6518,,model output,SAFEHEART 8-band features refit on same MICE imputations same split
Delta_AUC,0.208,,paired comparison,"paired bootstrap 95% CI 0.1812-0.2375, p ≈ 0.0000"
NRI_total,0.6929,,NRI 3-tier cuts 0.05/0.20,"event +0.2359, non-event +0.4571"
IDI,0.2892,,mean(p_calon-p_sre|event) - mean(p_calon-p_sre|nonevent),
Brier_CALON,0.0888,,,
Brier_SRE,0.1324,,,
Calib_intercept_CALON,0.1052,,,
Calib_slope_CALON,1.0293,,,
modeling_features,52.0,,BH-FDR q<0.10 retained from univariate screen,started from 66 (linear + RCS)
OR_age_rcs,16.827,,,
OR_statin_ever,2.177,,,
OR_male,1.522,,,
OR_htn,1.51,,,
OR_log_apob_ldl_rcs,1.255,,,
OR_nmr_tg,1.222,,,
OR_t2dm,1.202,,,
OR_deprivation_z,1.181,,,
OR_ever_smoked,1.17,,,
OR_log_tg_hdl,1.14,,,
OR_nmr_hdl,1.13,,,
OR_nmr_omega6,1.13,,,
OR_nmr_apoa,1.111,,,
OR_log_crp_rcs,1.11,,,
OR_nmr_clinical_ldl,1.104,,,
OR_nmr_remnant,1.084,,,
OR_has_hf,1.084,,,
OR_ldl_prs_rcs,1.079,,,
OR_nmr_phosphoglyceride,1.075,,,
OR_bmi,1.071,,,
