item,value,source_file,raw_field,derivation,n_nonmissing,note
age,feature,ukb_recruitment_dates.csv,p21022,,501936,
assessment_date,spine,ukb_recruitment_dates.csv,p53_i0,,501936,
sex,feature (1=male),calon_sex.csv,p31,,501936,
ldl,feature,ukb_reviewer_longitudinal_lipids.csv,p30780_i0,,468180,
tc,feature,ukb_reviewer_longitudinal_lipids.csv,p30690_i0,,469062,
hdl,feature,ukb_reviewer_longitudinal_lipids.csv,p30760_i0,,429393,
tg,feature,ukb_reviewer_longitudinal_lipids.csv,p30870_i0,,468688,
apob,feature,ukb_reviewer_apob_lpa.csv,p30890_i0,,447844,
apoa1,feature,ukb_reviewer_apob_lpa.csv,p30900_i0,,52995,
lpa,feature,ukb_FULL_MASTER.csv,lpa_chem,,375200,
non_hdl,derived ratio,,,TC - HDL,429314,
tc_hdl,derived ratio,,,TC / HDL,429314,
ldl_hdl,derived ratio,,,LDL / HDL,428698,
tg_hdl,derived ratio,,,TG / HDL,429069,
apob_apoa1,derived ratio,,,ApoB / ApoA1,48139,
remnant_c,derived ratio,,,TC - LDL - HDL,428622,
ASCVD_outcome,outcome,ukb_icd10_full.csv,p41270,"ICD-10 prefix in {I20,I21,I22,I23,I24,I25,I63,I64,G45,I70,I73,I74}; HTN/I35 excluded",81981,ukb_dates_mace.csv NOT used (misnamed: p131286-96 = hypertension)
fh_genetic,feature,ukb_carriers_FINAL.csv,eid match,LDLR pathogenic-variant carrier,3540,
current_smoker,feature,paper3_smoking_bp.csv,p20116_i0,p20116 == 2 (current),501045,
t2dm,feature (composite),ukb_icd10_full.csv,E11 / p30750 / p2976,ICD-10 E11 OR HbA1c>=48 mmol/mol OR age-diabetes non-missing,50845,
htn,feature (composite),ukb_reviewer_medications.csv,I10-I15 / p4080 / p4079 / p6153-p6177,ICD-10 I10-I15 OR SBP>=140 OR DBP>=90 OR BP-medication,301669,
carotid_imt_mean,feature (imaging),ukb_carotid_imt.csv,p22671_i2/p22674_i2/p22677_i2/p22680_i2,mean of 4 carotid IMT angles,97817,
lvef,feature (imaging),ukb_cardiac_mri.csv,p22420_i2,,39565,
OR_age,1.799,,model coefficient,exp(standardised logistic coefficient),,
OR_htn,1.658,,model coefficient,exp(standardised logistic coefficient),,
OR_t2dm,1.242,,model coefficient,exp(standardised logistic coefficient),,
OR_sex,1.22,,model coefficient,exp(standardised logistic coefficient),,
OR_current_smoker,1.176,,model coefficient,exp(standardised logistic coefficient),,
OR_tg,1.127,,model coefficient,exp(standardised logistic coefficient),,
OR_ldl_hdl,1.103,,model coefficient,exp(standardised logistic coefficient),,
OR_lpa,1.09,,model coefficient,exp(standardised logistic coefficient),,
OR_tc_hdl,1.047,,model coefficient,exp(standardised logistic coefficient),,
OR_remnant_c,1.034,,model coefficient,exp(standardised logistic coefficient),,
OR_fh_genetic,1.014,,model coefficient,exp(standardised logistic coefficient),,
OR_apob_apoa1,1.004,,model coefficient,exp(standardised logistic coefficient),,
OR_apoa1,0.979,,model coefficient,exp(standardised logistic coefficient),,
OR_apob,0.96,,model coefficient,exp(standardised logistic coefficient),,
OR_non_hdl,0.912,,model coefficient,exp(standardised logistic coefficient),,
OR_hdl,0.897,,model coefficient,exp(standardised logistic coefficient),,
OR_tg_hdl,0.896,,model coefficient,exp(standardised logistic coefficient),,
OR_tc,0.884,,model coefficient,exp(standardised logistic coefficient),,
OR_ldl,0.881,,model coefficient,exp(standardised logistic coefficient),,
test_AUC,0.7662,,model output,"logistic, 70/30 leak-free split, 95% CI 0.763-0.770",,
