metric,value
n_wales,4570.0
n_ukb,3540.0
events_wales,1193.0
events_ukb,165.0
n_features,14.0
L2_C,0.5
internal_AUC_CALONv2,0.8057
internal_AUC_SRE,0.7951
internal_delta,0.0105
internal_delta_p,0.022
A_CALONv2_AUC,0.737
A_CALONv2_CIlo,0.7018
A_CALONv2_CIhi,0.7726
A_SRE_AUC,0.716
A_SRE_CIlo,0.6785
A_SRE_CIhi,0.7525
A_delta,0.021
A_delta_CIlo,0.0085
A_delta_CIhi,0.0336
A_delta_p,0.0
A_brier_CALONv2,0.4188
A_cal_intercept,-3.6327
A_cal_slope,0.2366
B_CALONv2_AUC,0.6645
B_CALONv2_CIlo,0.645
B_CALONv2_CIhi,0.6836
B_SRE_AUC,0.7161
B_SRE_CIlo,0.6981
B_SRE_CIhi,0.7336
B_delta,-0.0516
B_delta_CIlo,-0.0651
B_delta_CIhi,-0.0374
B_delta_p,0.0
B_brier_CALONv2,0.247
B_cal_intercept,3.0241
B_cal_slope,0.9867
hmean_ext_CALONv2,0.6989
hmean_ext_SRE,0.7161
