direction,decile,n,mean_predicted,observed_rate
A_Wales_to_UKB,0,370,0.0082,0.0054
A_Wales_to_UKB,1,413,0.016,0.0097
A_Wales_to_UKB,2,308,0.024,0.0065
A_Wales_to_UKB,3,345,0.0338,0.0319
A_Wales_to_UKB,4,383,0.0481,0.0366
A_Wales_to_UKB,5,360,0.0754,0.025
A_Wales_to_UKB,6,301,0.1023,0.0432
A_Wales_to_UKB,7,353,0.1473,0.0822
A_Wales_to_UKB,8,360,0.2669,0.1083
A_Wales_to_UKB,9,347,0.5421,0.121
B_UKB_to_Wales,0,21,0.0119,0.0476
B_UKB_to_Wales,1,36,0.0194,0.1667
B_UKB_to_Wales,2,4,0.0201,0.5
B_UKB_to_Wales,3,22,0.0269,0.0909
B_UKB_to_Wales,4,27,0.0316,0.2222
B_UKB_to_Wales,5,11,0.0355,0.1818
B_UKB_to_Wales,6,23,0.0421,0.3478
B_UKB_to_Wales,7,18,0.0547,0.2222
B_UKB_to_Wales,8,18,0.0653,0.6111
B_UKB_to_Wales,9,20,0.124,0.6
