"outcome","direction","model","n_predictors","auc","ci_low","ci_high","cal_intercept","cal_slope","n_train","n_test","delta_vs_SRE"
"ascvd","South Wales FH -> UKB-LipidClinic","SRE-Fixed",7,0.712633826350641,0.711763387679236,0.713504265022045,-1.20206824540583,0.88862336110997,NA,595,0
"ascvd","South Wales FH -> UKB-LipidClinic","CALON9",8,0.721588588402748,0.718303462559372,0.724873714246124,-0.373662166386655,0.787368423437949,417,595,0.00895476205210721
"ascvd","South Wales FH -> UKB-LipidClinic","CALON9_+lpa143",9,0.721655114796708,0.717896726091346,0.72541350350207,-0.302559938157294,0.72796529869042,417,595,0.0090212884460672
"ascvd","South Wales FH -> UKB-LipidClinic","CALON9_noApoB",7,0.717428368092085,0.71344608014776,0.72141065603641,-0.405410970274021,0.847623196488813,417,595,0.00479454174144434
"ascvd","South Wales FH -> UKB-LipidClinic","CALON9_NoAgeLDL",6,0.694504610433814,0.689859911883877,0.699149308983751,0.335883312706454,0.688320251489637,417,595,-0.0181292159168266
"ascvd","South Wales FH -> UKB-LipidClinic","CALON9_NoAgeLDLApoB",5,0.692673587474472,0.687346935926882,0.698000239022063,0.480414349555665,0.794965864222146,417,595,-0.019960238876168
"ascvd","UKB-LipidClinic -> South Wales FH","SRE-Fixed",7,NA,NA,NA,NA,NA,NA,0,0
"ascvd","UKB-LipidClinic -> South Wales FH","CALON9",8,0.867190090256032,0.848743598405292,0.885636582106773,-0.200713662783202,1.39927368411161,595,417,NA
"ascvd","UKB-LipidClinic -> South Wales FH","CALON9_+lpa143",9,0.86929452937926,0.853742058040183,0.884847000718336,-0.299873082498605,1.25634084108697,595,417,NA
"ascvd","UKB-LipidClinic -> South Wales FH","CALON9_noApoB",7,0.837350340762571,0.819747154468708,0.854953527056435,-0.289064713527112,1.06486268320043,595,417,NA
"ascvd","UKB-LipidClinic -> South Wales FH","CALON9_NoAgeLDL",6,0.79469976054522,0.760667582690284,0.828731938400156,-0.321731630648438,1.44882047896459,595,417,NA
"ascvd","UKB-LipidClinic -> South Wales FH","CALON9_NoAgeLDLApoB",5,0.773560968870879,0.762824219029541,0.784297718712217,-0.424014560119232,1.43001190460124,595,417,NA
"ascvd","South Wales FH -> UKB-NonClinic","SRE-Fixed",7,0.705940438553826,0.704618561653675,0.707262315453977,-0.857860531975004,0.843479875686661,NA,1027,0
"ascvd","South Wales FH -> UKB-NonClinic","CALON9",8,0.719729095736057,0.701329437324331,0.738128754147783,-0.257772030954394,1.10887333786567,417,1027,0.0137886571822309
"ascvd","South Wales FH -> UKB-NonClinic","CALON9_+lpa143",9,0.725899805447471,0.717989042685704,0.733810568209238,-0.358449430472506,0.839571540723943,417,1027,0.0199593668936446
"ascvd","South Wales FH -> UKB-NonClinic","CALON9_noApoB",7,0.715430447470817,0.713046585176072,0.717814309765562,-0.667628673351685,0.809245110009217,417,1027,0.00949000891699092
"ascvd","South Wales FH -> UKB-NonClinic","CALON9_NoAgeLDL",6,0.684067465142672,0.679135418812269,0.688999511473075,0.139488867821297,0.565191178092653,417,1027,-0.0218729734111542
"ascvd","South Wales FH -> UKB-NonClinic","CALON9_NoAgeLDLApoB",5,0.671895012564851,0.66880894040037,0.674981084729331,0.410678811791973,0.820412019812573,417,1027,-0.0340454259889753
"ascvd","UKB-NonClinic -> South Wales FH","SRE-Fixed",7,NA,NA,NA,NA,NA,NA,0,0
"ascvd","UKB-NonClinic -> South Wales FH","CALON9",8,0.79575428255664,0.754211363038617,0.837297202074664,-0.505800077299037,0.508468754779519,1027,417,NA
"ascvd","UKB-NonClinic -> South Wales FH","CALON9_+lpa143",9,0.802891876957082,0.7596856393607,0.846098114553464,-0.629265412013214,0.507714970056034,1027,417,NA
"ascvd","UKB-NonClinic -> South Wales FH","CALON9_noApoB",7,0.882598084361761,0.879609207247061,0.885586961476461,0.163487253408117,1.3501355628407,1027,417,NA
"ascvd","UKB-NonClinic -> South Wales FH","CALON9_NoAgeLDL",6,0.669414256769202,0.606610527637713,0.732217985900692,-0.520237008857517,0.399916078356303,1027,417,NA
"ascvd","UKB-NonClinic -> South Wales FH","CALON9_NoAgeLDLApoB",5,0.778216522379812,0.768294672475805,0.788138372283819,-0.454257269154518,2.06490880346908,1027,417,NA
"ascvd","UKB-LipidClinic -> UKB-NonClinic","SRE-Fixed",7,0.705940438553826,0.704618561653675,0.707262315453977,-0.857860531975004,0.843479875686661,NA,1027,0
"ascvd","UKB-LipidClinic -> UKB-NonClinic","CALON9",8,0.730092817769131,0.727567169732121,0.732618465806141,0.239725703302714,0.998593284630543,595,1027,0.0241523792153049
"ascvd","UKB-LipidClinic -> UKB-NonClinic","CALON9_+lpa143",9,0.731526122730221,0.729481413692184,0.733570831768257,0.240638128656333,0.991326411944078,595,1027,0.0255856841763944
"ascvd","UKB-LipidClinic -> UKB-NonClinic","CALON9_noApoB",7,0.72070667153048,0.71946832800762,0.72194501505334,0.247297419169791,0.891953955323546,595,1027,0.0147662329766538
"ascvd","UKB-LipidClinic -> UKB-NonClinic","CALON9_NoAgeLDL",6,0.691868312256809,0.689373570712012,0.694363053801607,-0.0797006502534996,0.912898512998017,595,1027,-0.0140721262970168
"ascvd","UKB-LipidClinic -> UKB-NonClinic","CALON9_NoAgeLDLApoB",5,0.678189850843061,0.676421463576974,0.679958238109148,-0.0554651201103856,0.852718757082028,595,1027,-0.0277505877107652
"ascvd","UKB-NonClinic -> UKB-LipidClinic","SRE-Fixed",7,0.712633826350641,0.711763387679236,0.713504265022045,-1.20206824540583,0.88862336110997,NA,595,0
"ascvd","UKB-NonClinic -> UKB-LipidClinic","CALON9",8,0.707941394888298,0.706346251626031,0.709536538150564,-0.275818931880922,0.815635084685889,1027,595,-0.00469243146234299
"ascvd","UKB-NonClinic -> UKB-LipidClinic","CALON9_+lpa143",9,0.712137199084102,0.710339543134991,0.713934855033213,-0.309971173521396,0.780829218986523,1027,595,-0.000496627266538763
"ascvd","UKB-NonClinic -> UKB-LipidClinic","CALON9_noApoB",7,0.72312178971471,0.71970243194138,0.726541147488041,0.00324597567480812,1.23385736918823,1027,595,0.0104879633640695
"ascvd","UKB-NonClinic -> UKB-LipidClinic","CALON9_NoAgeLDL",6,0.680860511170246,0.668463418084628,0.693257604255864,0.132693460590182,1.05375443598039,1027,595,-0.0317733151803948
"ascvd","UKB-NonClinic -> UKB-LipidClinic","CALON9_NoAgeLDLApoB",5,0.703702271180147,0.69516942167336,0.712235120686934,0.021460365399384,2.08250436730717,1027,595,-0.00893155517049327
"ascvd","South Wales FH -> Wales","SRE-Fixed",7,0.80127687959299,0.794051935740621,0.808501823445359,-2.06268687222483,0.679972916712191,NA,1815,0
"ascvd","South Wales FH -> Wales","CALON9",8,NA,NA,NA,NA,NA,417,0,NA
"ascvd","South Wales FH -> Wales","CALON9_+lpa143",9,NA,NA,NA,NA,NA,417,0,NA
"ascvd","South Wales FH -> Wales","CALON9_noApoB",7,0.839846240814019,0.825792192963416,0.853900288664623,-0.539250044929512,1.18089633628517,417,1815,0.0385693612210288
"ascvd","South Wales FH -> Wales","CALON9_NoAgeLDL",6,NA,NA,NA,NA,NA,417,0,NA
"ascvd","South Wales FH -> Wales","CALON9_NoAgeLDLApoB",5,0.71876257772753,0.686054027132622,0.751471128322438,0.130490516846017,1.08665313871896,417,1815,-0.0825143018654607
"ascvd","UKB-LipidClinic -> Wales","SRE-Fixed",7,0.80127687959299,0.794051935740621,0.808501823445359,-2.06268687222483,0.679972916712191,NA,1815,0
"ascvd","UKB-LipidClinic -> Wales","CALON9",8,NA,NA,NA,NA,NA,595,0,NA
"ascvd","UKB-LipidClinic -> Wales","CALON9_+lpa143",9,NA,NA,NA,NA,NA,595,0,NA
"ascvd","UKB-LipidClinic -> Wales","CALON9_noApoB",7,0.816737365743358,0.804370953106401,0.829103778380315,-0.691053651836574,1.0688535128927,595,1815,0.0154604861503674
"ascvd","UKB-LipidClinic -> Wales","CALON9_NoAgeLDL",6,NA,NA,NA,NA,NA,595,0,NA
"ascvd","UKB-LipidClinic -> Wales","CALON9_NoAgeLDLApoB",5,0.708737931034483,0.682649737386896,0.734826124682069,-0.325146155717552,1.10726963283267,595,1815,-0.0925389485585076
"ascvd","UKB-NonClinic -> Wales","SRE-Fixed",7,0.80127687959299,0.794051935740621,0.808501823445359,-2.06268687222483,0.679972916712191,NA,1815,0
"ascvd","UKB-NonClinic -> Wales","CALON9",8,NA,NA,NA,NA,NA,1027,0,NA
"ascvd","UKB-NonClinic -> Wales","CALON9_+lpa143",9,NA,NA,NA,NA,NA,1027,0,NA
"ascvd","UKB-NonClinic -> Wales","CALON9_noApoB",7,0.82912244205766,0.821405137184477,0.836839746930842,-0.565457150152913,1.03579230464999,1027,1815,0.0278455624646693
"ascvd","UKB-NonClinic -> Wales","CALON9_NoAgeLDL",6,NA,NA,NA,NA,NA,1027,0,NA
"ascvd","UKB-NonClinic -> Wales","CALON9_NoAgeLDLApoB",5,0.720708648954211,0.695380774020968,0.746036523887454,-0.369730464882797,1.63264092763557,1027,1815,-0.080568230638779
"ascvd_incident","South Wales FH -> UKB-LipidClinic","SRE-Fixed",8,0.626201531443467,0.625012529406946,0.627390533479988,-1.89066735619455,0.316601542511565,NA,595,0
"ascvd_incident","South Wales FH -> UKB-LipidClinic","CALON9",9,NA,NA,NA,NA,NA,417,595,NA
"ascvd_incident","South Wales FH -> UKB-LipidClinic","CALON9_+lpa143",10,NA,NA,NA,NA,NA,417,595,NA
"ascvd_incident","South Wales FH -> UKB-LipidClinic","CALON9_noApoB",8,NA,NA,NA,NA,NA,417,595,NA
"ascvd_incident","South Wales FH -> UKB-LipidClinic","CALON9_NoAgeLDL",7,NA,NA,NA,NA,NA,417,595,NA
"ascvd_incident","South Wales FH -> UKB-LipidClinic","CALON9_NoAgeLDLApoB",6,NA,NA,NA,NA,NA,417,595,NA
"ascvd_incident","UKB-LipidClinic -> South Wales FH","SRE-Fixed",8,NA,NA,NA,NA,NA,NA,0,0
"ascvd_incident","UKB-LipidClinic -> South Wales FH","CALON9",9,0.672705314009662,0.503033240923593,0.842377387095731,-3.27075987600222,0.391923411617121,595,417,NA
"ascvd_incident","UKB-LipidClinic -> South Wales FH","CALON9_+lpa143",10,0.676006441223832,0.517780177598706,0.834232704848959,-3.3772120453171,0.394380936832972,595,417,NA
"ascvd_incident","UKB-LipidClinic -> South Wales FH","CALON9_noApoB",8,0.664573268921095,0.505141580733917,0.824004957108273,-3.32168176223615,0.348065395603986,595,417,NA
"ascvd_incident","UKB-LipidClinic -> South Wales FH","CALON9_NoAgeLDL",7,0.735789049919485,0.584396592069274,0.887181507769696,-3.03674502448911,0.833529547251484,595,417,NA
"ascvd_incident","UKB-LipidClinic -> South Wales FH","CALON9_NoAgeLDLApoB",6,0.742753623188406,0.583035244592792,0.90247200178402,-3.02595188189173,0.811119321733248,595,417,NA
"ascvd_incident","South Wales FH -> UKB-NonClinic","SRE-Fixed",8,0.589825331772053,0.587472498651109,0.592178164892997,-2.31699248129303,0.193516985139605,NA,1027,0
"ascvd_incident","South Wales FH -> UKB-NonClinic","CALON9",9,NA,NA,NA,NA,NA,417,1027,NA
"ascvd_incident","South Wales FH -> UKB-NonClinic","CALON9_+lpa143",10,NA,NA,NA,NA,NA,417,1027,NA
"ascvd_incident","South Wales FH -> UKB-NonClinic","CALON9_noApoB",8,NA,NA,NA,NA,NA,417,1027,NA
"ascvd_incident","South Wales FH -> UKB-NonClinic","CALON9_NoAgeLDL",7,NA,NA,NA,NA,NA,417,1027,NA
"ascvd_incident","South Wales FH -> UKB-NonClinic","CALON9_NoAgeLDLApoB",6,NA,NA,NA,NA,NA,417,1027,NA
"ascvd_incident","UKB-NonClinic -> South Wales FH","SRE-Fixed",8,NA,NA,NA,NA,NA,NA,0,0
"ascvd_incident","UKB-NonClinic -> South Wales FH","CALON9",9,0.675845410628019,0.5047496274119,0.846941193844139,-4.17775477243519,0.342479794804301,1027,417,NA
"ascvd_incident","UKB-NonClinic -> South Wales FH","CALON9_+lpa143",10,0.675925925925926,0.536076290804602,0.81577556104725,-4.53435810719884,0.331317071188618,1027,417,NA
"ascvd_incident","UKB-NonClinic -> South Wales FH","CALON9_noApoB",8,0.594202898550725,0.478496620270684,0.709909176830765,-4.4312687217604,0.0748290737314112,1027,417,NA
"ascvd_incident","UKB-NonClinic -> South Wales FH","CALON9_NoAgeLDL",7,0.884138486312399,0.751438117388299,1.0168388552365,-2.5520148244837,2.47316131179846,1027,417,NA
"ascvd_incident","UKB-NonClinic -> South Wales FH","CALON9_NoAgeLDLApoB",6,0.680837359098229,0.571834949396619,0.789839768799838,-2.61079125143613,0.911466999609901,1027,417,NA
"ascvd_incident","UKB-LipidClinic -> UKB-NonClinic","SRE-Fixed",8,0.589825331772053,0.587472498651109,0.592178164892997,-2.31699248129303,0.193516985139605,NA,1027,0
"ascvd_incident","UKB-LipidClinic -> UKB-NonClinic","CALON9",9,0.706409055425449,0.703424094031131,0.709394016819766,-0.11335965118189,0.758618971796284,595,1027,0.116583723653396
"ascvd_incident","UKB-LipidClinic -> UKB-NonClinic","CALON9_+lpa143",10,0.708669008587041,0.704865546253124,0.712472470920959,-0.108594965242686,0.764298560743244,595,1027,0.118843676814988
"ascvd_incident","UKB-LipidClinic -> UKB-NonClinic","CALON9_noApoB",8,0.706591530054645,0.702767785886411,0.710415274222879,-0.108961445392044,0.736236414502742,595,1027,0.116766198282592
"ascvd_incident","UKB-LipidClinic -> UKB-NonClinic","CALON9_NoAgeLDL",7,0.676072404371585,0.67048208651817,0.681662722225,-0.493251101038218,0.756255302619135,595,1027,0.0862470725995316
"ascvd_incident","UKB-LipidClinic -> UKB-NonClinic","CALON9_NoAgeLDLApoB",6,0.677939110070258,0.675581725688388,0.680296494452128,-0.4949661588694,0.668074475962511,595,1027,0.0881137782982045
"ascvd_incident","UKB-NonClinic -> UKB-LipidClinic","SRE-Fixed",8,0.626201531443467,0.625012529406946,0.627390533479988,-1.89066735619455,0.316601542511565,NA,595,0
"ascvd_incident","UKB-NonClinic -> UKB-LipidClinic","CALON9",9,0.721963587487781,0.7207096919695,0.723217483006062,-0.274323827495325,1.0131991703785,1027,595,0.0957620560443141
"ascvd_incident","UKB-NonClinic -> UKB-LipidClinic","CALON9_+lpa143",10,0.724272971652004,0.723197469790861,0.725348473513147,-0.32089250744856,0.903577166021241,1027,595,0.098071440208537
"ascvd_incident","UKB-NonClinic -> UKB-LipidClinic","CALON9_noApoB",8,0.721599055066797,0.721008266943896,0.722189843189698,-0.250312389763853,1.01683858248606,1027,595,0.0953975236233301
"ascvd_incident","UKB-NonClinic -> UKB-LipidClinic","CALON9_NoAgeLDL",7,0.715803193222548,0.712378916944972,0.719227469500125,0.49177507534436,1.58155682046125,1027,595,0.0896016617790811
"ascvd_incident","UKB-NonClinic -> UKB-LipidClinic","CALON9_NoAgeLDLApoB",6,0.715937601824699,0.713051333464365,0.718823870185032,0.482543662519301,1.57565667494331,1027,595,0.0897360703812317
