feature,beta,OR_per_SD,direction
age_30_59,-1.0704310806151283,0.34286068496216604,A_Wales_trained
age_60p,0.28955731337737806,1.3358360003859113,A_Wales_trained
male,0.5220621455253985,1.68549981431424,A_Wales_trained
htn,0.3750407467413256,1.455050701984879,A_Wales_trained
bmi_25_30,0.1407075361638063,1.1510879471539148,A_Wales_trained
bmi_30p,0.0956475414036886,1.1003711603634068,A_Wales_trained
smoking,0.3189129826904988,1.3756316159356552,A_Wales_trained
lpa_high,0.0810448273112729,1.0844195070880074,A_Wales_trained
apob_ldl_high,0.33613341872188934,1.3995257352901704,A_Wales_trained
tg_hdl_high,0.16375406034975015,1.177924581106147,A_Wales_trained
t2dm,0.2655013191424115,1.3040845744944238,A_Wales_trained
age_30_59,-0.3146246872115059,0.7300628247718185,B_UKB_trained
age_60p,0.3146246872115059,1.3697451316091194,B_UKB_trained
male,0.2511343198123351,1.2854827385356957,B_UKB_trained
bmi_25_30,0.1943804874699606,1.2145583192731642,B_UKB_trained
bmi_30p,0.27760532758370804,1.3199651405610695,B_UKB_trained
smoking,0.20141383712260952,1.223130844049444,B_UKB_trained
lpa_high,0.01175628696534979,1.011825663711376,B_UKB_trained
apob_ldl_high,0.17805226920165443,1.1948877754326594,B_UKB_trained
t2dm,0.3087391244831518,1.3617070881227895,B_UKB_trained
ldl_very_high,0.05697806479525962,1.0586325888182355,B_UKB_trained
