group,level,n,events,auc_calon,auc_sre,delta
sex,female,1353,160,0.8245,0.6283,0.1962
sex,male,1080,247,0.872,0.5872,0.2848
cohort,Wales_FHpos,292,70,0.8671,0.7216,0.1454
cohort,Wales_FHneg,1063,282,0.8468,0.6732,0.1735
cohort,UKB,1078,55,0.7546,0.5568,0.1978
fh,mutation-,1063,282,0.8468,0.6732,0.1735
fh,mutation+,1370,125,0.8266,0.6251,0.2016
age,<50,399,134,0.987,0.7306,0.2564
age,50-65,1833,224,0.7708,0.632,0.1388
age,>65,201,49,0.9208,0.522,0.3988
ldl,<4,858,123,0.8376,0.6405,0.1971
ldl,4-6,905,162,0.898,0.6505,0.2475
ldl,>6,670,122,0.8221,0.6591,0.163
smoke,never,1546,227,0.8643,0.6464,0.2179
smoke,ever,887,180,0.8491,0.632,0.2172
t2dm,no_dm,2263,353,0.8654,0.649,0.2164
t2dm,dm,170,54,0.7893,0.6417,0.1476
htn,no_htn,1425,201,0.8439,0.6462,0.1977
htn,htn,1008,206,0.8687,0.6415,0.2272
statin,naive,1163,61,0.7693,0.5574,0.2119
statin,on_statin,1270,346,0.8229,0.654,0.1689
