direction,group,level,n,events,auc_calon,auc_sre,delta
A_Wales_to_UKB,sex,female,1936,62,0.722,0.6648,0.0572
A_Wales_to_UKB,sex,male,1604,103,0.7215,0.6387,0.0829
A_Wales_to_UKB,age_band,<50,881,7,0.7578,0.7047,0.053
A_Wales_to_UKB,age_band,50-65,2013,101,0.7113,0.6581,0.0533
A_Wales_to_UKB,age_band,>=65,646,57,0.6466,0.5288,0.1178
A_Wales_to_UKB,ldl_band,<4.14,2290,124,0.7332,0.6767,0.0565
A_Wales_to_UKB,ldl_band,4.14-6.5,1095,33,0.7619,0.6973,0.0646
A_Wales_to_UKB,ldl_band,>=6.5,155,8,0.8427,0.781,0.0616
A_Wales_to_UKB,t2dm,no_dm,3186,115,0.7171,0.6729,0.0442
A_Wales_to_UKB,t2dm,dm,354,50,0.6429,0.6028,0.0401
A_Wales_to_UKB,smoking,never,1958,65,0.743,0.6651,0.0779
A_Wales_to_UKB,smoking,ever,1582,100,0.7222,0.65,0.0723
A_Wales_to_UKB,htn,no_htn,1900,89,0.7626,0.7295,0.0331
A_Wales_to_UKB,htn,htn,1640,76,0.72,0.6726,0.0474
B_UKB_to_Wales,sex,female,120,23,0.7208,0.6584,0.0623
B_UKB_to_Wales,sex,male,80,31,0.6797,0.4888,0.1909
B_UKB_to_Wales,age_band,<50,133,28,0.6371,0.5345,0.1026
B_UKB_to_Wales,age_band,50-65,56,18,0.7822,0.7405,0.0417
B_UKB_to_Wales,ldl_band,>=6.5,171,49,0.7155,0.6812,0.0342
B_UKB_to_Wales,t2dm,no_dm,187,47,0.7106,0.6386,0.072
B_UKB_to_Wales,smoking,never,138,29,0.6919,0.6265,0.0653
B_UKB_to_Wales,smoking,ever,62,25,0.7065,0.6043,0.1022
B_UKB_to_Wales,htn,no_htn,142,26,0.6563,0.6124,0.0439
B_UKB_to_Wales,htn,htn,58,28,0.7256,0.7435,-0.0179
