feature,beta_pooled,OR_per_SD
male,0.3960018679667444,1.4858720931084537
htn,0.37250130744977006,1.4513603767227037
t2dm,0.227701571127294,1.2557105292324382
has_phys_sign,0.06886015622387202,1.0712863859391444
fh,-1.0610843602354856,0.34608033104018004
log_lpa,-0.14366112858387287,0.8661812223888194
log_tg_hdl,0.25023170649091664,1.284322968182265
lpa,0.047448183943474054,1.048591865818185
log_tg_hdl_rcs,-0.14836480075685793,0.8621165567975898
ldl_prs_rcs,-0.4126000625048186,0.6619269593073948
log_crp_rcs,-3.343241609789355e-05,0.9999665681427591
log_lpa_rcs,-0.029972185532215832,0.9704725263499309
ldl_prs,-0.046468900315934945,0.9545942476878514
body_fat_pct,0.017227002575606783,1.0173762431419935
tg,-0.004246851939510193,0.9957621531838691
log_crp,-0.20430645634080458,0.8152125058613171
dbp,-0.3261667551852157,0.721684832709162
ever_smoked,0.16299385916176273,1.1770294617187493
hba1c,-0.06312281255238218,0.9388281667253031
age,-2.064052051044567,0.12693856483199367
hba1c_rcs,-0.0378388518310039,0.9628680928197818
cad_prs_rcs,-0.02338106735325037,0.9768901518914227
age_rcs,2.5009660984671735,12.194269136519054
hdl,0.10381529700449951,1.1093955273137044
nmr_omega3,-0.2462684686283489,0.7817123315144348
nmr_tc,-0.017675000192643342,0.9824802863805482
vat_vol,0.01272541615086641,1.0128067288053555
apob_ldl_high,-0.07079669686806904,0.9316512804985081
cad_prs,0.0004062149751830627,1.0004062974916588
pack_years,-0.08432618644367829,0.9191313989908122
log_apob_ldl,-0.15079367314047357,0.8600251266379902
bmi,0.04750457690124508,1.0486510006823724
nmr_clinical_ldl,0.35846894484379693,1.4311365872677626
apoa1,-0.1961635278891678,0.8218778237428473
nmr_apoa,0.11586027246948463,1.1228389696553158
nmr_nonhdl,-0.17614156815158316,0.8384992701424906
nmr_tg,0.1521995931499857,1.164392618030906
egfr,0.034138089048135103,1.0347274813961627
lpa_high,0.014853329896595668,1.0149641887956475
nmr_phosphoglyceride,0.1257418290472847,1.1339893673729626
tc,-0.21157386164940792,0.8093095019103673
ldl_ut_rcs,0.21905747697346598,1.2449028278780443
has_hf,0.08397695865669731,1.0876038336668088
bmi_rcs,0.014887343100025995,1.0149987115661872
nmr_ldl,-0.02476682655061842,0.9755373549205277
log_apob_ldl_rcs,0.19377805397258557,1.2138268490103352
