"Threshold","TUDOR","eDLCN","TreatAll","TreatNone"
0.002,0.00680228699064016,0.00677253283296446,0.00677253283296446,0
0.004,0.00532232581460401,0.00519279471045073,0.00477810016797042,0
0.006,0.00439253318021867,0.00401251471852875,0.00277564161700054,0
0.008,0.00393277888059184,0.00317693287828447,0.000765108636389653,0
0.01,0.00361548060679632,0.00233797494979678,-0.00125354770979946,0
0.012,0.00340078703334401,0.0014956204305055,-0.00328037675374642,0
0.014,0.00302365529401537,0.00158144549417875,-0.00531542822789195,0
0.016,0.00270223283052702,0.00148974306999583,-0.00735875226900556,0
0.018,0.00256249430642403,0.00139766711251685,-0.00941039942230292,0
0.02,0.00233200759993978,0.00130521533480326,-0.0114704206456137,0
0.022,0.00214396430118886,0.00121238543120946,-0.0135388673136007,0
0.024,0.00202143439944034,0.00111917507719109,-0.0156157912220302,0
0.026,0.00186906444003135,0.00102558192911104,-0.017701244592096,0
0.028,0.00171426134012121,0.000931603624043005,-0.0197952800747958,0
0.03,0.00162162474380832,0.00083723777957263,-0.0218979507553623,0
0.032,0.00152192988210272,0.000742481993596179,-0.0240093101577495,0
0.034,0.00137283185308617,0.000295527436047194,-0.0261294122491734,0
0.036,0.00129700500102872,0.000285640224281046,-0.0282583114447111,0
0.038,0.00119911963221329,0.000275711901447264,-0.0303960626119558,0
0.04,0.00112794534192424,0.000265742210601675,-0.0325427210757307,0
0.042,0.0010641937566026,0.000255730892654433,-0.0346983426228617,0
0.044,0.000977318964105974,0.00024567768634758,-0.0368629835070099,0
0.046,0.000949709613556105,0.000235582328232312,-0.0390367004535655,0
0.048,0.000932616953775627,0.000225444552645972,-0.0412195506646024,0
0.05,0.000905288714362243,0.000215264091688742,-0.0434115918238963,0
