"Statistic","Value"
"TUDOR_AUC_UKB_LC",0.787337476083296
"TUDOR_AUC_CI_lo",0.771243282473972
"TUDOR_AUC_CI_hi",0.80343166969262
"eDLCN_AUC",0.712632153498841
"DeLong_Z",12.3605576522097
"DeLong_p",4.27182944407774e-35
"Brier_score",0.00849640126756544
"Calibration_slope",12.3953549552326
"Calibration_intercept",-4.89931657373143
"Youden_threshold",0.0106660009126316
"Sensitivity",0.638592750533049
"Specificity",0.813371391966237
"NRI_events",0.139658848614072
"NRI_nonevents",-0.170924711734117
"NRI_total",-0.0312658631200446
"IDI",0.0171243165658588
"TrigFilter_Cohen_d_LDLR",0.672154598050676
"TrigFilter_Cohen_d_APOB",1.10831901421361
"Cost_per_dx_TUDOR",8518.36393989983
"Cost_per_dx_eDLCN",2765.30612244899
"NNT_TUDOR",34.0734557595993
"NNT_eDLCN",11.061224489796
"Grey_zone_n",33814
"Grey_zone_FH",468
"Grey_zone_ApoB_LDL_FH_mean",0.223428547526398
"Grey_zone_ApoB_LDL_nonFH_mean",0.224079293484032
