"HeldOut","Model","AUC","CI_lo","CI_hi","Sens","Spec","PPV","NPV","N","N_FH"
"SouthWales","Base",0.8092,0.779,0.8393,0.6607,0.856,0.6768,0.8468,1072,336
"SouthWales","Enhanced",0.8088,0.7789,0.8388,0.7113,0.7989,0.6176,0.8584,1072,336
"SouthWales","Enhanced+ApoB",0.9372,0.893,0.9814,0.7977,1,1,0.1719,273,262
"Wales","Base",0.7823,0.7684,0.7962,0.6745,0.8031,0.6448,0.8232,5376,1862
"Wales","Enhanced",0.7843,0.7704,0.7982,0.6831,0.7943,0.6376,0.8255,5376,1862
"UKB","Base",0.7516,0.734,0.7693,0.5603,0.8284,0.0284,0.9953,104431,928
"UKB","Enhanced",0.7251,0.7067,0.7435,0.5879,0.7692,0.0223,0.9952,104413,927
"UKB","Enhanced+ApoB",0.6499,0.6323,0.6675,0.5663,0.6546,0.0141,0.9942,103462,897
"UKB_5fCV","NMR-TUDOR",0.7854,0.7689,0.802,NA,NA,NA,NA,100998,905
