"HeldOut","Method","AUC","CI_lo","CI_hi","N_train","N_test","N_FH_test","M_imputations"
"SouthWales","ENET",0.8339,0.8058,0.862,111684,1366,425,5
"SouthWales","RF",0.8636,0.8386,0.8886,111684,1366,425,5
"SouthWales","XGB",0.8368,0.8095,0.8642,111684,1366,425,5
"SouthWales","eDLCN",0.7587,NA,NA,NA,908,185,1
"Wales","ENET",0.7815,0.7675,0.7954,105797,7253,2405,5
"Wales","RF",0.7863,0.7674,0.8052,105797,7253,2405,5
"Wales","XGB",0.7806,0.7666,0.7945,105797,7253,2405,5
"Wales","eDLCN",0.6938,NA,NA,NA,4427,997,1
"UKB","ENET",0.7633,0.7444,0.7823,8619,104431,928,5
"UKB","RF",0.682,0.662,0.702,8619,104431,928,5
"UKB","XGB",0.7151,0.6939,0.7363,8619,104431,928,5
"UKB","eDLCN",0.7125,NA,NA,NA,104431,928,1
