patient_id,variant,sss,age,sex,ascvd,apob,apoa1,lpa,ldl1,hdl1,tg1,apob_ldl_ratio,apob_apoa1_ratio
1011 (56760),LDLR:c.502G>A,0.3944,57.02739726,1,0,,,,4.900000095,1.5,3.299999952,,
1116,LDLR:c.2042G>C,0.5565,47.0,1,1,1.14,1.12,77.0,3.400000095,0.899999976,0.899999976,0.33529410827854694,1.0178571428571426
113,LDLR:c.313+1G>A,0.95,10.48767123,0,0,,,,5.199999809,1.5,0.5,,
1176,LDLR:c.817+1G>A,0.95,36.94246575,0,0,1.34,1.41,59.0,5.5,1.5,0.899999976,0.24363636363636365,0.9503546099290782
1188 (57726),Deletion of exons 3 - 8 LDLR,1.0,38.84109589,0,0,0.91,1.61,27.0,6.0,1.600000024,3.0,0.15166666666666667,0.5652173913043478
1191,LDLR:c.1010_1013dupAGTG,0.5,21.13150685,0,0,,,,5.400000095,0.899999976,1.799999952,,
12,LDLR:c.301G>A,0.3561,64.5890411,1,0,0.78,0.93,32.0,7.800000191,1.200000048,3.0,0.09999999755128212,0.8387096774193549
1215,LDLR:c.301G>A,0.3561,44.94520548,0,0,1.26,1.46,,4.5,1.200000048,0.0,0.28,0.863013698630137
1226,APOB:c.6640 G>A,0.5,42.27123288,0,0,,,,3.900000095,1.139999986,1.0,,
1304 (58770),LDLR:c.118del,1.0,36.28219178,0,0,2.7,1.33,8.0,11.30000019,0.99000001,1.299999952,0.23893804907980273,2.030075187969925
135,LDLR:c.337G>A,0.7096,15.05205479,1,0,,,,3.700000048,1.299999952,0.600000024,,
1368 (59447),Deletion of exons 16 - 18 LDLR,1.0,70.0,0,1,,,,4.5,2.0,1.299999952,,
1373,LDLR:c.2441G>A,0.3972,73.12054795,0,0,,,,7.099999905,1.700000048,2.400000095,,
1404,LDLR:c.1586+5G>A,0.8,33.99726027,1,0,1.65,1.1,8.0,7.5,1.200000048,2.0,0.22,1.4999999999999998
1413,PCSK9:c.1675_1677dup,1.0,56.71232877,0,0,1.12,1.93,23.0,7.199999809,,1.5,0.1555555596820989,0.5803108808290156
1421,APOB:c.10580G>A,0.65,8.657534247,0,0,,,,4.800000191,1.600000024,0.600000024,,
1423,APOB:c.10580G>A,0.65,66.05753425,1,1,1.18,1.24,65.0,4.099999905,1.059999943,0.699999988,0.28780488471743026,0.9516129032258064
1465,LDLR:c.1897C>T,0.3697,8.610958904,0,0,,,,5.199999809,1.100000024,0.899999976,,
1489,LDLR:c.2389+2T>G,0.95,27.35342466,0,0,,,,4.199999809,1.5,0.600000024,,
1505,LDLR:c.-187C>T (promoter),0.5,50.82191781,1,0,0.82,1.39,4.0,,,,,0.5899280575539568
1518,LDLR:c.91G>A,0.5388,36.32054795,1,0,1.02,0.7,173.0,6.300000191,1.0,2.400000095,0.16190475699622087,1.4571428571428573
1530,LDLR:c.233G>A,0.6546,56.0,1,1,,,,,,,,
1540,LDLR:c.1A>T,0.3921,42.0,1,1,1.31,1.13,95.0,9.0,0.800000012,2.0,0.14555555555555555,1.1592920353982303
1592,LDLR:c.662A>G,0.5368,54.86849315,0,0,1.24,1.29,,5.900000095,1.799999952,0.600000024,0.21016948814133873,0.9612403100775193
1638,LDLR:c.2054C>T,0.4231,48.29863014,0,0,1.48,1.6,,7.400000095,2.200000048,1.899999976,0.19999999743243246,0.9249999999999999
164,Deletion of exon 7 LDLR,1.0,15.17534247,1,0,0.64,1.13,24.0,4.599999905,1.200000048,0.899999976,0.1391304376559547,0.5663716814159293
1651,LDLR:c.301G>A,0.3561,41.0,1,1,1.61,1.04,137.0,,,,,1.5480769230769231
1670,LDLR:c.709C>T,0.5356,56.18356164,0,0,1.71,1.61,81.0,6.199999809,,,0.2758064601095216,1.062111801242236
1696,PCSK9:c.1120G>A,0.45,31.39452055,1,0,,,,3.700000048,0.800000012,1.600000024,,
1746,LDLR:c.761A>C,0.5703,35.3890411,0,0,,,,,,,,
175,LDLR:c.418G>C,0.6683,11.59178082,1,0,1.4,1.37,50.0,6.900000095,1.0,1.700000048,0.20289854793110693,1.021897810218978
178,APOB:c.10580G>A,0.65,61.03013699,0,0,1.47,1.49,72.0,,,2.0,,0.9865771812080537
179,LDLR:c.2042G>C,0.5565,34.0,1,1,1.56,0.91,477.0,5.900000095,0.699999988,1.399999976,0.26440677540361973,1.7142857142857142
1796,LDLR:c.662A>G,0.5368,58.33150685,0,0,0.89,1.62,15.0,7.0,,,0.12714285714285714,0.5493827160493827
182,Deletion of exon 7 LDLR,1.0,33.69315068,0,0,1.49,1.16,192.0,5.5,1.200000048,2.200000048,0.27090909090909093,1.2844827586206897
1824,Deletion of exon 7 LDLR,1.0,10.3260274,0,0,1.37,1.36,179.0,12.39999962,1.399999976,1.0,0.1104838743535381,1.0073529411764706
1850,LDLR:c.2569_2582dup,1.0,31.97260274,0,0,1.92,2.22,6.0,7.599999905,2.0,1.200000048,0.2526315821052632,0.8648648648648648
1858,LDLR:c.313+1G>C,0.95,53.07123288,1,0,1.18,1.3,15.0,3.5,1.299999952,1.200000048,0.33714285714285713,0.9076923076923076
1899,LDLR:c.1998G>C; c.2141-21G>A,0.8,38.56164384,1,0,,,,,,,,
1933,LDLR:c.1246C>T,0.4303,69.36164384,0,0,,,,,,1.600000024,,
195,LDLR:c.280G>T,0.458,44.11506849,1,0,1.21,1.45,15.0,2.5,1.299999952,0.800000012,0.484,0.8344827586206897
1973,LDLR:c.502G>A,0.3944,34.67945205,1,0,,,,6.599999905,1.0,0.899999976,,
1990,APOB:c.10580G>A,0.65,20.97534247,1,0,1.44,1.22,18.0,5.400000095,0.899999976,1.600000024,0.2666666619753087,1.180327868852459
202,LDLR:c.2042G>C,0.5565,45.76712329,0,0,1.43,1.53,6.0,4.099999905,1.460000038,1.200000048,0.34878049588637733,0.9346405228758169
2026,LDLR:c.654_656delTGG,0.75,23.96986301,1,0,1.41,1.4,4.5,6.199999809,1.200000048,0.699999988,0.22741936184469322,1.0071428571428571
2038,APOB:c.10580G>A,0.65,31.66575342,0,0,1.21,1.48,44.0,3.099999905,1.299999952,0.899999976,0.39032259260666013,0.8175675675675675
2058,APOB:c.10580G>A,0.65,25.83013699,0,0,1.4,1.77,10.0,6.5,,0.899999976,0.21538461538461537,0.7909604519774011
2059,LDLR:c.1816G>T,0.2584,51.36438356,1,0,,,,6.199999809,1.600000024,1.0,,
2063,LDLR:c.638G>C,0.6481,25.00547945,0,0,0.91,1.81,68.0,3.400000095,1.600000024,1.100000024,0.26764705134515593,0.5027624309392266
2075,LDLR:c.1816G>T,0.2584,51.7890411,0,0,1.16,1.45,16.0,6.199999809,1.5,0.699999988,0.18709677995733626,0.7999999999999999
2078,Duplication of exons 2 - 12 LDLR,0.85,27.29863014,0,0,1.57,1.41,190.0,5.300000191,1.100000024,1.899999976,0.2962264044190107,1.1134751773049647
211,LDLR:c.418G>C,0.6683,57.55890411,0,0,,,,3.0,1.5,1.0,,
213,APOB:c.10580G>A,0.65,28.96164384,1,0,0.92,1.08,11.0,3.5,1.0,0.699999988,0.26285714285714284,0.8518518518518519
2148,LDLR:c.418G>C,0.6683,52.61369863,0,0,1.55,1.56,5.0,6.199999809,1.299999952,1.299999952,0.2500000077016131,0.9935897435897436
2212,LDLR:c.693C>G,0.5431,24.58082192,0,0,1.67,1.37,86.0,8.300000191,1.299999952,1.100000024,0.2012048146469735,1.218978102189781
2216,LDLR:c.1048C>T,0.3815,38.98082192,0,0,0.85,1.72,53.0,,,,,0.4941860465116279
2221,LDLR:c.418G>C,0.6683,25.26849315,0,0,,,,3.400000095,1.399999976,0.5,,
2222,LDLR:c.638G>C,0.6481,28.44657534,1,0,0.75,1.21,175.0,3.0,,,0.25,0.6198347107438017
2235,LDLR:c.1048C>T,0.3815,43.25753425,0,0,1.43,1.64,13.0,7.5,1.600000024,1.799999952,0.19066666666666665,0.8719512195121951
2261,LDLR:c.2441G>A,0.3972,70.49863014,0,0,,,,,,,,
228,LDLR:c.1217G>C,0.6119,12.8739726,0,0,0.92,1.41,266.0,6.5,1.200000048,0.800000012,0.14153846153846156,0.6524822695035462
2285,APOB:c.10580G>A,0.65,15.57808219,1,0,1.03,1.29,208.0,4.099999905,1.0,1.399999976,0.251219518016062,0.7984496124031008
2315,LDLR:c.2054C>T,0.4231,48.57534247,0,0,1.38,1.57,28.0,6.0,1.399999976,0.899999976,0.22999999999999998,0.8789808917197451
2316,LDLR:c.1241T>G,0.4223,12.99452055,0,0,1.27,1.35,74.0,7.0,1.200000048,1.899999976,0.18142857142857144,0.9407407407407407
2356,APOB:c.10580G>A,0.65,29.0739726,1,0,1.34,1.16,15.0,5.400000095,0.899999976,1.899999976,0.24814814378257896,1.1551724137931036
2362,Duplication of exons 2 - 12 LDLR,0.85,31.21917808,1,0,1.05,1.51,7.0,7.800000191,1.299999952,0.800000012,0.1346153813190336,0.695364238410596
2371,LDLR:c.191-15C>A,0.8,13.72876712,1,0,,,,1.799999952,1.399999976,0.600000024,,
2374,LDLR:c.1291G>A,0.2379,29.97808219,0,0,1.26,2.19,21.0,5.0,2.099999905,1.0,0.252,0.5753424657534246
2393,LDLR:c.259T>G,0.5361,13.9890411,0,0,0.66,1.46,60.0,5.0,1.5,0.899999976,0.132,0.452054794520548
2394,LDLR:c.979C>T,0.5891,16.21369863,1,0,,,,3.0,1.899999976,0.5,,
2408,APOB:c.10580G>A,0.65,51.97260274,0,0,1.19,1.79,18.0,,1.799999952,0.800000012,,0.6648044692737429
2438,LDLR:c.244T>G,0.5388,27.35068493,0,0,1.39,1.69,23.0,2.599999905,1.5,0.5,0.534615404149409,0.8224852071005917
2464,LDLR:c.16_17insTTCCT,1.0,16.03287671,0,0,1.14,1.28,44.0,4.599999905,1.200000048,1.0,0.2478260920746693,0.8906249999999999
2465,LDLR:c.1586+5G>A,0.8,65.43835616,0,0,1.12,1.49,18.0,5.699999809,1.399999976,0.600000024,0.19649123465435542,0.7516778523489933
2503,Deletion of exons 11 - 12 LDLR,1.0,57.11506849,1,0,1.36,1.49,12.0,5.0,1.5,1.0,0.272,0.9127516778523491
2512,LDLR:c.1897C>T,0.3697,41.81643836,0,0,2.03,1.33,31.0,7.5,0.899999976,3.700000048,0.27066666666666667,1.526315789473684
2537 (Harefield # 444),LDLR:c.232C>T,0.6546,54.39726027,0,0,,,,3.900000095,1.899999976,1.5,,
254,LDLR:c.418G>C,0.6683,58.0,1,1,1.04,1.41,8.0,3.200000048,1.100000024,1.399999976,0.32499999512500005,0.7375886524822696
255,LDLR:c.418G>C,0.6683,73.0,0,1,1.67,1.29,8.0,6.5,1.200000048,1.600000024,0.2569230769230769,1.2945736434108526
2562,LDLR:c.1187-10G>A,0.8,48.53150685,0,0,1.19,0.84,175.0,7.300000191,0.800000012,1.399999976,0.16301369436498417,1.4166666666666667
2569,LDLR:c.1444G>A,0.4177,20.0,1,1,1.52,1.43,300.0,5.599999905,1.100000024,3.799999952,0.27142857603316334,1.062937062937063
257,APOB:c.10571A>C,0.4,15.86027397,0,0,1.15,1.17,92.0,3.099999905,1.100000024,0.699999988,0.3709677533038505,0.9829059829059829
262,Deletion of exon 1 LDLR (promoter),0.5,43.0,1,1,1.06,1.38,39.0,3.099999905,0.899999976,1.0,0.34193549434963616,0.7681159420289856
2620,LDLR:c.862G>A,0.5315,18.8630137,0,0,0.84,1.42,80.0,3.0,2.0,0.600000024,0.27999999999999997,0.5915492957746479
263,LDLR:c.2301G>A,0.4554,43.0,1,1,1.1,1.72,36.0,,,,,0.6395348837209303
2653,APOB:c.10580G>A,0.65,56.38356164,0,0,1.32,1.39,46.0,7.699999809,1.299999952,1.5,0.17142857568089065,0.9496402877697843
2667,LDLR:c.2389+2T>G,0.95,46.0,1,1,1.18,1.59,8.0,5.599999905,1.299999952,0.899999976,0.21071428928890312,0.7421383647798742
2695,APOB:c.10580G>A,0.65,54.00273973,0,0,2.31,1.92,120.0,8.399999619,1.299999952,1.200000048,0.2750000124732148,1.203125
270,LDLR:c.653delG,1.0,42.1890411,0,0,2.18,1.68,57.0,8.5,1.299999952,2.400000095,0.2564705882352941,1.2976190476190477
2720,LDLR:c.1745T>C,0.2762,17.90410959,0,0,1.53,1.33,29.0,6.800000191,1.299999952,0.699999988,0.22499999368014725,1.150375939849624
2722,LDLR:c.1216delC,1.0,39.00821918,1,0,1.03,1.44,17.0,6.400000095,1.0,1.0,0.16093749761108403,0.7152777777777778
2738,LDLR:c.502G>A,0.3944,50.22465753,1,0,,,,4.300000191,1.399999976,0.800000012,,
278,LDLR:c.1813C>T,0.42,18.38356164,1,0,,,,5.0,1.700000048,0.600000024,,
2821,LDLR:c.827G>A,0.5426,21.90958904,0,0,1.34,2.55,120.0,4.599999905,2.599999905,0.899999976,0.29130435384215514,0.5254901960784314
284,LDLR:c.418G>C,0.6683,14.38356164,0,0,,,,3.700000048,1.0,0.899999976,,
2843,LDLR:c.1783C>T,0.4196,28.17260274,0,0,,,,4.400000095,1.799999952,1.600000024,,
2857,LDLR:c.1747C>T,0.4212,40.04657534,0,0,,,,6.699999809,0.899999976,1.5,,
2859,LDLR:c.418G>C,0.6683,31.21643836,1,0,,,,,,,,
3001,LDLR:c.131G>A,0.5439,26.15616438,0,0,1.28,1.25,7.0,3.400000095,1.299999952,1.0,0.37647057771626324,1.024
3022,LDLR:c.190+4A>T,0.8,50.90410959,0,0,0.72,1.84,8.0,5.699999809,2.0,0.600000024,0.12631579370637133,0.3913043478260869
3068,LDLR:c.2093G>T,0.3436,35.0,0,1,,,,,,,,
3069,LDLR:c.921T>G,0.5255,16.52328767,0,0,1.14,1.46,55.0,3.599999905,1.399999976,1.0,0.3166666750231484,0.7808219178082191
3083,PCSK9:c.386A>G,0.45,53.4,0,0,1.62,1.77,24.0,6.0,1.399999976,1.399999976,0.27,0.9152542372881356
3097,APOB:c.10580G>A,0.65,28.21917808,1,0,0.89,1.48,17.0,2.700000048,1.100000024,1.700000048,0.3296296237695474,0.6013513513513513
312,Deletion of exon 7 LDLR,1.0,66.10684932,0,0,,,,,,2.200000048,,
3126,LDLR:c.1A>T,0.3921,37.69315068,1,0,1.73,1.4,22.0,7.0,1.299999952,2.200000048,0.24714285714285714,1.2357142857142858
3214,LDLR:c.1217G>C,0.6119,17.4109589,0,0,1.69,1.22,22.0,6.400000095,1.0,0.899999976,0.2640624960803223,1.3852459016393444
3216,LDLR:c.1196C>A,0.4209,55.29041096,0,0,1.65,2.17,265.0,2.5,1.799999952,1.0,0.6599999999999999,0.7603686635944701
3253,LDLR:c.1444G>A,0.4177,15.53150685,1,0,,,,4.199999809,1.299999952,1.399999976,,
3272,LDLR:c.1291G>A,0.2379,23.03013699,0,0,0.46,0.83,17.0,4.699999809,1.100000024,1.700000048,0.0978723444028974,0.5542168674698795
3335,LDLR:c.1285G>A,0.4909,67.19178082,1,0,0.87,1.44,7.0,2.799999952,1.190000057,1.5,0.31071429104081644,0.6041666666666667
3343,APOB:c.10580G>A,0.65,42.29589041,0,0,1.35,1.51,240.0,4.5,1.200000048,0.800000012,0.30000000000000004,0.8940397350993378
3372,APOB:c.10580G>A,0.65,48.7369863,0,0,0.93,1.4,61.0,6.199999809,1.299999952,1.200000048,0.15000000462096788,0.6642857142857144
3394,LDLR:c.2138_2139del,1.0,32.0109589,1,0,1.22,1.06,47.0,4.300000191,0.800000012,1.399999976,0.2837209176300709,1.150943396226415
3400,LDLR:c.313+1G>A,0.95,60.0630137,0,0,1.13,1.72,45.0,5.199999809,1.799999952,1.0,0.21730770028957128,0.6569767441860465
3404,LDLR:c.1776_1778delGGG,0.75,41.08493151,1,0,1.14,1.38,15.0,,,0.699999988,,0.8260869565217391
3425,Deletion of exon 1 LDLR (promoter),0.5,16.06849315,1,0,0.74,1.28,51.0,9.0,,,0.08222222222222222,0.578125
3433,LDLR:c.682G>T,0.3744,30.49589041,1,0,,,,3.700000048,1.200000048,0.699999988,,
3436,APOB:c.10580G>A,0.65,61.54520548,0,0,1.14,1.64,33.0,6.400000095,1.700000048,1.899999976,0.17812499735595705,0.6951219512195121
3437,APOB:c.10580G>A,0.65,52.0,1,1,1.79,1.54,184.0,3.099999905,1.100000024,0.899999976,0.5774193725338196,1.1623376623376622
3457,LDLR:c.1133A>C,0.2701,17.62739726,1,0,1.15,1.3,8.0,3.200000048,,,0.35937499460937505,0.8846153846153845
3495,LDLR:c.1499T>C,0.4174,48.0,0,1,1.22,1.22,375.0,6.599999905,1.299999952,2.5,0.18484848750918279,1.0
3520,LDLR:c.1444G>A,0.4177,19.46849315,0,0,,,,2.900000095,1.090000033,,,
3528,LDLR:c.502G>A,0.3944,48.07945205,1,0,1.92,1.37,193.0,6.300000191,1.200000048,2.700000048,0.3047618955222981,1.4014598540145984
3535,LDLR:c.654_656delTGG,0.75,32.45205479,1,0,1.01,1.02,29.0,5.400000095,1.299999952,1.0,0.18703703374657069,0.9901960784313726
3560,LDLR:c.1133A>C,0.2701,69.5369863,0,0,1.63,2.47,20.0,6.599999905,2.200000048,1.200000048,0.24696970052456385,0.6599190283400809
3579,PCSK9:c.1486C>T,0.45,38.50958904,1,0,,,93.0,,,,,
3580,LDLR:c.1775G>A,0.4206,75.30684932,0,0,1.07,2.15,26.0,,,,,0.4976744186046512
3586,APOB:c.10580G>A,0.65,60.92054795,0,0,1.97,1.66,13.0,7.0,1.299999952,1.899999976,0.2814285714285714,1.1867469879518073
3631,APOB:c.10580G>A,0.65,25.66849315,0,0,1.37,1.39,117.0,6.800000191,1.899999976,1.0,0.201470582576341,0.9856115107913671
366,LDLR:c.131G>A,0.5439,48.35890411,0,0,1.19,1.82,13.0,6.400000095,,,0.18593749723999026,0.6538461538461537
3722,LDLR:c.718G>A,0.5342,27.0,1,1,0.73,1.79,22.0,2.200000048,1.600000024,2.5,0.33181817457851254,0.4078212290502793
3724,LDLR:c.1816G>T,0.2584,35.79178082,1,0,2.12,1.32,52.0,5.5,0.899999976,3.900000095,0.3854545454545455,1.606060606060606
3751,LDLR:c.1502C>T  p.(Ala501Val),0.5,52.0,0,1,,,,,,,,
3760,LDLR:c.1358+1G>A; c.535G>A,0.95,17.40273973,0,0,1.83,1.21,28.0,7.400000095,1.0,1.600000024,0.24729729412253473,1.512396694214876
3774,LDLR:c.1729T>C,0.4168,45.64109589,0,0,1.13,1.2,269.0,4.800000191,1.100000024,0.899999976,0.2354166572990455,0.9416666666666667
3876,LDLR:c.-156C>T,0.5,50.09041096,1,0,1.79,1.51,107.0,6.800000191,1.399999976,1.299999952,0.2632352867238324,1.185430463576159
3924,LDLR:c.1048C>T,0.3815,27.2739726,1,0,1.31,1.44,9.0,4.800000191,1.200000048,1.5,0.2729166558068581,0.9097222222222223
3942,LDLR:c.369_370del,1.0,35.58082192,0,0,0.96,1.61,6.0,4.699999809,1.399999976,0.5,0.204255327449525,0.5962732919254657
3952,LDLR:c.81C>G,0.5443,42.48767123,0,0,1.28,1.46,10.0,5.800000191,1.200000048,1.799999952,0.2206896479048754,0.8767123287671234
489,LDLR:c.2259dupT,1.0,45.0,1,1,1.64,1.5,492.0,,,1.5,,1.0933333333333333
531,LDLR:c.1048C>T,0.3815,41.0,1,1,1.43,1.54,245.0,1.100000024,4.099999905,3.5,1.2999999716363642,0.9285714285714285
54,LDLR:c.1048C>T,0.3815,38.75616438,0,0,1.06,1.75,93.0,2.400000095,1.399999976,0.600000024,0.4416666491840284,0.6057142857142858
568,LDLR:c.1444G>C,0.4177,41.48493151,1,0,0.89,1.29,175.0,,,,,0.689922480620155
581,LDLR:c.1056C>G,0.4968,15.18630137,0,0,1.75,1.21,113.0,7.300000191,1.200000048,0.699999988,0.2397260211249767,1.4462809917355373
600,LDLR:c.2061dup,1.0,39.59452055,1,0,1.1,0.94,63.0,3.5,0.699999988,1.399999976,0.31428571428571433,1.170212765957447
601,LDLR:c.280G>T,0.458,54.55890411,0,0,,,,4.5,2.200000048,0.899999976,,
613,LDLR:c.681C>G,0.4058,58.0,0,1,0.91,1.79,8.0,7.300000191,1.570000052,1.200000048,0.1246575309849879,0.5083798882681564
627,LDLR:c.1816G>T,0.2584,13.69863014,0,0,,,,4.0,1.200000048,1.110000014,,
631,LDLR:c.1586+5G>C,0.8,19.88219178,0,0,1.11,1.42,12.0,4.699999809,1.5,0.899999976,0.2361702223635133,0.7816901408450705
639,LDLR:c.1897C>T,0.3697,29.11780822,0,0,1.94,1.53,21.0,7.099999905,1.200000048,1.5,0.273239440275739,1.2679738562091503
649,LDLR:c.654_656delTGG,0.75,40.64109589,1,0,,,,2.5,1.100000024,0.600000024,,
731,LDLR:c.888C>G,0.526,29.51232877,0,0,1.65,1.54,179.0,,,1.299999952,,1.0714285714285714
735,PCSK9:c.385G>A,0.45,38.30684932,1,0,0.71,1.6,209.0,9.600000381,,,0.0739583303981121,0.44375
790,LDLR:c.418G>C,0.6683,17.99452055,1,0,,,,3.200000048,1.100000024,0.600000024,,
794,LDLR:c.1223A>C,0.4222,28.15342466,0,0,1.18,1.75,14.0,4.099999905,1.600000024,0.600000024,0.28780488471743026,0.6742857142857143
83,LDLR:c.1285G>A,0.4909,27.97534247,1,0,,,,5.400000095,1.100000024,1.299999952,,
835,LDLR:c.1524G>C,0.4182,87.3369863,0,0,,,,2.900000095,1.700000048,0.899999976,,
875,LDLR:c.418G>C,0.6683,16.85205479,0,0,1.43,1.7,39.0,5.199999809,1.600000024,0.899999976,0.27500001010096187,0.8411764705882353
898,LDLR:c.326G>A,0.5335,35.71232877,0,0,1.3,2.1,157.0,5.599999905,2.099999905,0.699999988,0.232142861080995,0.6190476190476191
905 (56331),LDLR:c.2054C>T,0.4231,45.2739726,0,0,1.3,1.7,196.0,3.400000095,0.99000001,1.899999976,0.3823529304930799,0.7647058823529412
B00052,LDLR:c.2042G>C,0.5565,67.0,1,1,2.13,1.05,144.0,8.199999809,0.800000012,2.400000095,0.2597561036113922,2.0285714285714285
B00055,Deletion of exon 7 LDLR,1.0,40.0,0,1,0.92,1.62,351.0,3.0,1.5,1.200000048,0.3066666666666667,0.5679012345679012
C00002,LDLR:c.301G>A,0.3561,59.17260274,1,0,,2.3,258.0,,,2.200000048,,
C00003,Deletion of exon 7 LDLR,1.0,58.0,1,1,,,,,,,,
C00005,LDLR:c.196_197delGT,1.0,7.983561644,0,0,,,,5.0,1.200000048,1.0,,
C00006,LDLR:c.266G>A,0.5353,17.44109589,1,0,1.6,1.27,10.0,5.900000095,1.299999952,1.100000024,0.2711864363114048,1.2598425196850394
C00007,LDLR:c.2060del,1.0,42.0,1,1,,,,2.5,1.200000048,0.899999976,,
C00009,LDLR:c.1646G>A,0.4205,38.0,0,1,,,,3.400000095,1.299999952,1.0,,
C00010,LDLR:c.1745T>C,0.2762,17.10410959,0,0,,,,7.599999905,0.800000012,0.800000012,,
C00013,LDLR:c.280G>T,0.458,8.197260274,1,0,,,,7.300000191,1.100000024,2.099999905,,
C00018,LDLR:c.418G>C,0.6683,39.0,1,1,,,,,,,,
C00027,LDLR:c.1784G>A,0.4196,39.37260274,1,0,0.97,1.84,332.0,,,,,0.5271739130434783
C00029,LDLR:c.118del,1.0,38.0,1,1,,,,2.599999905,1.200000048,0.600000024,,
C00031,LDLR:c.232C>T,0.6546,43.0,0,1,2.13,1.7,166.0,10.60000038,1.029999971,1.899999976,0.20094338902278414,1.2529411764705882
C00041,LDLR:c.681C>G,0.4058,29.30136986,0,0,1.91,1.39,96.0,7.199999809,1.100000024,1.700000048,0.26527778481500786,1.3741007194244605
C00042,LDLR:c.196_197delGT,1.0,42.97260274,0,0,2.68,1.68,222.0,7.699999809,1.299999952,1.5,0.34805195668544464,1.5952380952380953
C00044,LDLR:c.932A>C,0.5323,20.3890411,0,0,2.03,1.63,366.0,,,1.600000024,,1.2453987730061349
C00046,LDLR:c.301G>A,0.3561,12.57808219,1,0,,,,6.400000095,1.100000024,0.899999976,,
C00049,LDLR:c.1325A>G,0.4175,35.0,1,1,1.2,1.49,82.0,,,,,0.8053691275167785
C00062,LDLR:c.938G>A,0.5324,41.0,0,1,1.58,1.33,16.0,6.0,1.600000024,1.0,0.26333333333333336,1.1879699248120301
C00064,LDLR:c.1436T>C,0.233,46.0,0,1,,,,,,1.100000024,,
C00078,APOE:c.500_502del,1.0,4.298630137,0,0,,,,6.300000191,1.5,1.299999952,,
C00079,Duplication of exons 2 - 12 LDLR,0.85,10.11506849,1,0,0.66,0.83,11.0,8.899999619,1.5,0.899999976,0.07415730654538581,0.7951807228915664
C00082,LDLR:c.1846-1G>A,0.95,45.46027397,0,0,1.38,1.4,16.0,3.099999905,1.299999952,0.800000012,0.4451613039646206,0.9857142857142857
C00084,LDLR:c.313+1G>A,0.95,18.88219178,0,0,1.42,1.86,228.0,5.800000191,2.0,0.899999976,0.24482757814447115,0.7634408602150536
C00085,LDLR:c.1567G>A,0.4168,59.87945205,0,0,,,,,,2.0,,
C00104,LDLR:c.1A>T,0.3921,25.73424658,1,0,1.04,1.15,326.0,,,,,0.9043478260869566
C00107,LDLR:c.2042G>C,0.5565,43.0,1,1,0.91,1.49,54.0,,,,,0.610738255033557
C00108,LDLR:c.949G>A,0.5011,19.23013699,1,0,,,,6.5,0.800000012,2.599999905,,
C00168,Deletion of exons 2 - 6 LDLR,1.0,44.49589041,0,0,1.39,1.49,7.0,7.300000191,1.5,0.899999976,0.19041095392212434,0.9328859060402684
C00209,LDLR:c.1444G>A,0.4177,63.05205479,0,0,1.04,1.78,178.0,3.900000095,1.600000024,0.899999976,0.2666666601709403,0.5842696629213483
C00215,LDLR:c.682G>A,0.3744,64.0,0,1,1.56,1.82,258.0,3.400000095,1.100000024,2.700000048,0.45882351659169585,0.8571428571428571
C00239,LDLR:c.1216delC,1.0,28.4109589,0,0,1.73,1.48,276.0,6.599999905,1.100000024,1.100000024,0.26212121589416904,1.1689189189189189
C00265,LDLR:c.1285G>A,0.4909,10.5890411,0,0,,,,5.300000191,1.299999952,0.699999988,,
C00273,APOB:c.10580G>A,0.65,16.44657534,1,0,1.25,1.23,144.0,4.900000095,1.0,1.0,0.2551020358704707,1.016260162601626
C00283,LDLR:c.313+1G>A,0.95,14.44657534,0,0,1.51,1.22,5.16,5.5,1.200000048,1.600000024,0.27454545454545454,1.2377049180327868
L00065,LDLR:c.2389G>A,0.3846,32.0,1,1,1.43,1.56,200.0,,,,,0.9166666666666666
L00066,LDLR:c.1048C>T,0.3815,35.0,1,1,1.57,1.4,41.0,,,,,1.1214285714285714
L00067,LDLR:c.1061A>T,0.4273,10.80273973,1,0,,,,6.099999905,1.299999952,2.0,,
L00068,LDLR:c.1415_1418insACAT,1.0,32.89863014,0,0,1.28,1.5,9.0,7.0,1.700000048,0.899999976,0.18285714285714286,0.8533333333333334
L00069,LDLR:c.1745T>C,0.2762,7.432876712,0,0,1.96,1.11,158.0,6.5,1.200000048,2.099999905,0.30153846153846153,1.7657657657657655
L00070,Duplication of exons 2 - 12 LDLR,0.85,17.30410959,0,0,,,,5.699999809,1.5,0.899999976,,
L00086,LDLR:c.118del,1.0,12.58630137,1,0,,,,6.800000191,1.5,1.0,,
L00095,APOB:c.10580G>A,0.65,58.72876712,0,0,1.09,2.4,18.0,2.400000095,2.119999886,0.800000012,0.45416664868923684,0.4541666666666667
L00098,LDLR:c.301G>A,0.3561,10.42465753,0,0,,,23.0,5.900000095,1.5,1.100000024,,
L00120,LDLR:c.680_681delAC,1.0,12.32328767,1,0,,,,4.5,1.200000048,0.5,,
L00157,LDLR:c.2054C>T,0.4231,25.53972603,1,0,1.25,1.41,223.0,4.800000191,1.299999952,0.800000012,0.2604166563042539,0.8865248226950355
L00171,APOB:c.10580G>A,0.65,21.73150685,0,0,0.6,1.14,42.0,,,,,0.5263157894736842
L00186 (7306),APOB:c.10580G>A,0.65,62.0,0,1,1.66,2.07,48.0,,,1.100000024,,0.8019323671497585
L00187,LDLR:c.680_681delAC,1.0,44.0,0,1,0.87,1.44,38.0,3.200000048,1.100000024,0.800000012,0.27187499592187503,0.6041666666666667
L00198,LDLR:c.1187-10G>A,0.8,11.50684932,0,0,1.73,1.42,59.0,7.699999809,1.799999952,0.699999988,0.22467533024844,1.2183098591549297
L00201,Deletion of exons 3 - 8 LDLR,1.0,42.87671233,1,0,1.45,1.88,113.0,6.099999905,1.700000048,0.899999976,0.23770492173474878,0.7712765957446809
L00208,LDLR:c.1567G>A,0.4168,47.15616438,1,0,2.38,1.71,527.0,5.099999905,1.700000048,1.0,0.4666666753594773,1.391812865497076
L00210,LDLR:c.266G>A,0.5353,45.73972603,1,0,1.13,1.51,177.0,3.099999905,1.49000001,0.800000012,0.36451614020291395,0.7483443708609271
L00243,LDLR:c.1436T>C,0.233,38.0,1,1,0.99,1.48,367.0,,,,,0.668918918918919
L00259,APOB:c.10580G>A,0.65,55.0,0,1,1.24,1.4,168.0,3.299999952,0.899999976,1.899999976,0.37575758122314057,0.8857142857142858
L00264,LDLR:c.1285G>A,0.4909,34.03561644,1,0,1.53,1.4,325.0,3.299999952,0.899999976,1.299999952,0.4636363703801654,1.092857142857143
