position,wt_aa,best_mutation,best_score,worst_mutation,worst_score,mean_score,n_stabilising,n_destabilising
46,C,C46A,-7.03,C46P,14.8,2.760499999999999,4,9
101,E,E101Q,-4.01,E101P,21.71,0.7370000000000001,10,5
113,E,E113Q,-0.91,E113P,23.65,3.8145000000000002,2,13
227,D,D227V,-3.37,D227P,14.56,1.8519999999999999,10,6
340,C,C340T,-2.97,C340W,3.69,0.13300000000000003,10,4
350,R,R350R,0.0,R350P,21.3,3.2995000000000005,0,11
378,Q,Q378D,-4.71,Q378P,14.37,1.0534999999999999,7,3
406,R,R406T,-0.19,R406V,13.55,6.389999999999999,1,17
429,V,V429L,-0.14,V429W,22.4,8.297499999999998,1,18
431,A,A431A,0.0,A431W,35.22,12.375499999999999,0,17
479,L,L479I,-0.71,L479W,19.85,7.409999999999999,2,16
483,W,W483W,0.0,W483R,12.29,7.341999999999999,0,18
492,D,D492D,0.0,D492P,21.65,12.224,0,19
540,A,A540P,-1.04,A540K,9.83,4.876,1,17
582,L,L582L,0.0,L582P,18.18,4.343999999999999,0,18
606,A,A606W,-0.32,A606D,7.68,3.477499999999999,1,15
633,R,R633R,0.0,R633P,11.85,6.218,0,19
656,H,H656H,0.0,H656P,18.31,6.337000000000001,0,19
681,C,C681P,-3.47,C681K,16.03,5.226999999999999,2,16
685,P,P685P,0.0,P685D,11.83,8.252,0,18
