"direction","subgroup","value","n","events","auc_lite","auc_safe","delta"
"SW → UKB","Sex","Female",898,179,0.6174,0.6937,-0.0763
"SW → UKB","Sex","Male",727,220,0.6442,0.7059,-0.0617
"SW → UKB","Age Group","<50",414,53,0.6313,0.5968,0.0345
"SW → UKB","Age Group","50-60",575,114,0.6375,0.7055,-0.068
"SW → UKB","Age Group","60-70",636,232,0.6237,0.6588,-0.0351
"SW → UKB","Gene","APOB",302,75,0.6891,0.7304,-0.0413
"SW → UKB","Gene","LDLR",1322,324,0.6397,0.7081,-0.0684
"SW → UKB","LDL Group","<3.0",303,113,0.6193,0.7089,-0.0897
"SW → UKB","LDL Group","3.0-4.5",807,186,0.6882,0.7086,-0.0203
"SW → UKB","LDL Group",">4.5",515,100,0.6353,0.669,-0.0336
"UKB → W","Sex","Female",1364,152,0.682,0.8765,-0.1945
"UKB → W","Sex","Male",1041,223,0.5784,0.8174,-0.239
"UKB → W","Age Group","<50",1164,26,0.7117,0.8156,-0.1039
"UKB → W","Age Group","50-60",401,69,0.6302,0.7216,-0.0914
"UKB → W","Age Group","60-70",394,104,0.6787,0.7236,-0.0449
"UKB → W","Age Group",">70",445,176,0.5883,0.6896,-0.1013
"UKB → W","Gene","APOB",281,38,0.6548,0.7651,-0.1104
"UKB → W","Gene","LDLR",1904,302,0.6451,0.8495,-0.2045
"UKB → W","Gene","Other",197,31,0.7109,0.9239,-0.213
"UKB → W","LDL Group","<3.0",168,39,0.7399,0.9084,-0.1685
"UKB → W","LDL Group","3.0-4.5",422,62,0.707,0.875,-0.168
"UKB → W","LDL Group",">4.5",1386,201,0.6562,0.8174,-0.1611
"SW → W","Sex","Female",1364,152,0.7233,0.8189,-0.0956
"SW → W","Sex","Male",1041,223,0.6457,0.7719,-0.1262
"SW → W","Age Group","<50",1164,26,0.8522,0.7014,0.1508
"SW → W","Age Group","50-60",401,69,0.6224,0.757,-0.1346
"SW → W","Age Group","60-70",394,104,0.6649,0.6472,0.0177
"SW → W","Age Group",">70",445,176,0.552,0.657,-0.105
"SW → W","Gene","APOB",281,38,0.721,0.7238,-0.0028
"SW → W","Gene","LDLR",1904,302,0.7032,0.8037,-0.1004
"SW → W","Gene","Other",197,31,0.7022,0.8565,-0.1543
"SW → W","LDL Group","<3.0",168,39,0.851,0.8987,-0.0476
"SW → W","LDL Group","3.0-4.5",422,62,0.7823,0.8177,-0.0354
"SW → W","LDL Group",">4.5",1386,201,0.7354,0.7711,-0.0357
