Variable,"Overall
(n=113,538)","FH+
(n=3,136)","FH−
(n=110,402)",p
"Age, years — mean (SD)",59.8 (7.9),50.5 (11.2),60.1 (7.7),<0.001
"Female sex, n (%)","53,817 (47.4)","1,781 (56.8)","52,036 (47.2)",<0.001
"On statin, n (%)","71,643 (63.1)","1,057 (33.7)","70,586 (64.0)",<0.001
"Index case, n (%)","4,203 (3.7)","4,199 (100)*",4 (0.004),<0.001
"LDL-C untreated, mmol/L — mean (SD)",4.84 (1.13),6.04 (1.88),4.80 (1.08),<0.001
"HDL-C, mmol/L — mean (SD)",1.39 (0.37),1.41 (0.36),1.39 (0.37),0.04
"Triglycerides, mmol/L — mean (SD)",2.09 (1.21),1.50 (0.82),2.11 (1.22),<0.001
"Non-HDL-C, mmol/L — mean (SD)",4.11 (1.22),5.32 (1.83),4.07 (1.18),<0.001
"ApoB, g/L — mean (SD)†",0.93 (0.24),1.14 (0.34),0.92 (0.23),<0.001
DLCN score — mean (SD),1.9 (2.7),6.4 (3.1),1.7 (2.4),<0.001
Triglyceride Filter — mean (SD),2.72 (1.32),4.30 (2.53),2.69 (1.27),<0.001
"LDLR causal variant, n (%)","2,830 (2.5)","2,439 (77.8)",391 (0.35),<0.001
"APOB causal variant, n (%)",549 (0.5),498 (15.9),51 (0.05),<0.001
"PCSK9 causal variant, n (%)",24 (0.02),23 (0.7),1 (<0.01),<0.001
"Missing ApoB, n (%)","7,127 (6.3)","1,965 (62.7)","5,162 (4.7)",<0.001
"UK Biobank cohort, n (%)","107,090 (94.3)",938 (29.9),"106,152 (96.1)",<0.001
