"","level","Cascade","Index","p","test"
"n","","  1605","  1218","",""
"age (mean (SD))",""," 40.67 (20.96)"," 57.32 (16.23)","<0.001",""
"sex (%)","0","   895 (55.8) ","   717 (58.9) "," 0.107",""
"","1","   710 (44.2) ","   501 (41.1) ","",""
"ldl (mean (SD))","","  5.08 (1.79)","  6.43 (2.08)","<0.001",""
"hdl (mean (SD))","","  1.34 (0.36)","  1.36 (0.39)"," 0.088",""
"tc (mean (SD))","","  7.10 (1.93)","  8.70 (2.26)","<0.001",""
"tg (mean (SD))","","  1.30 (0.86)","  1.55 (0.85)","<0.001",""
"bmi (mean (SD))",""," 26.90 (6.81)"," 29.00 (5.72)","<0.001",""
"lpa_nmol (mean (SD))","","152.37 (266.96)","142.23 (203.58)"," 0.680",""
"ever_smoked (%)","0","   707 (83.8) ","   748 (79.5) "," 0.024",""
"","1","   137 (16.2) ","   193 (20.5) ","",""
"diabetes (%)","0","   661 (93.9) ","   743 (91.2) "," 0.057",""
"","1","    43 ( 6.1) ","    72 ( 8.8) ","",""
"hypertension (%)","0","  1334 (90.4) ","   815 (69.2) ","<0.001",""
"","1","   142 ( 9.6) ","   363 (30.8) ","",""
"on_statin (%)","0","   462 (28.8) ","   122 (10.0) ","<0.001",""
"","1","  1143 (71.2) ","  1096 (90.0) ","",""
"ascvd (%)","0","  1478 (92.1) ","   909 (74.6) ","<0.001",""
"","1","   127 ( 7.9) ","   309 (25.4) ","",""
