"","level","ASCVD-","ASCVD+","p","test","Missing"
"n",""," 1226","  399","","","    "
"age (median [IQR])","","57.00 [49.00, 62.00]","62.00 [57.00, 65.00]","<0.001","nonnorm"," 0.0"
"sex (%)","0","  719 (58.6) ","  179 (44.9) ","<0.001","exact"," 0.0"
"","1","  507 (41.4) ","  220 (55.1) ","","","    "
"bmi (median [IQR])","","26.23 [23.64, 29.53]","28.40 [25.87, 31.45]","<0.001","nonnorm"," 0.0"
"tc (median [IQR])",""," 6.21 [5.36, 7.21]"," 5.56 [4.71, 6.79]","<0.001","nonnorm"," 0.1"
"ldl (median [IQR])",""," 3.99 [3.28, 4.81]"," 3.54 [2.88, 4.48]","<0.001","nonnorm"," 0.0"
"hdl (median [IQR])",""," 1.42 [1.20, 1.69]"," 1.27 [1.06, 1.50]","<0.001","nonnorm"," 0.0"
"tg (median [IQR])",""," 1.34 [0.96, 1.97]"," 1.58 [1.12, 2.08]","<0.001","nonnorm"," 0.0"
"nhdl (median [IQR])",""," 4.73 [3.87, 5.72]"," 4.28 [3.44, 5.35]","<0.001","nonnorm"," 0.1"
"apob (median [IQR])",""," 1.15 [0.98, 1.36]"," 1.08 [0.90, 1.29]","<0.001","nonnorm"," 2.0"
"apob_ldl (median [IQR])",""," 0.29 [0.28, 0.30]"," 0.30 [0.29, 0.32]","<0.001","nonnorm"," 2.0"
"lpa_nmol (median [IQR])","","24.24 [11.40, 59.05]","26.96 [11.11, 76.85]"," 0.141","nonnorm","19.4"
"tg_hdl (median [IQR])",""," 0.97 [0.59, 1.53]"," 1.25 [0.80, 1.86]","<0.001","nonnorm"," 0.0"
"diabetes (%)","0"," 1184 (96.6) ","  350 (87.7) ","<0.001","exact"," 0.0"
"","1","   42 ( 3.4) ","   49 (12.3) ","","","    "
"hypertension (%)","0","  955 (77.9) ","  223 (55.9) ","<0.001","exact"," 0.0"
"","1","  271 (22.1) ","  176 (44.1) ","","","    "
"ever_smoked (%)","0","  752 (61.4) ","  166 (41.8) ","<0.001","exact"," 0.2"
"","1","  472 (38.6) ","  231 (58.2) ","","","    "
"on_statin (%)","0"," 1089 (88.8) ","  296 (74.2) ","<0.001","exact"," 0.0"
"","1","  137 (11.2) ","  103 (25.8) ","","","    "
"gene (%)","APOB","  227 (18.5) ","   75 (18.8) "," 0.955","exact"," 0.0"
"","LDLR","  998 (81.4) ","  324 (81.2) ","","","    "
"","PCSK9","    1 ( 0.1) ","    0 ( 0.0) ","","","    "
