model,variable,coefficient,odds_ratio,intercept
A_traditional,age,0.05639,1.058,-5.094831
A_traditional,sex,0.981955,2.6697,-5.094831
A_traditional,ldl1,-0.190398,0.8266,-5.094831
A_traditional,on_statin,1.441761,4.2281,-5.094831
A_traditional,dm,0.0,1.0,-5.094831
A_traditional,smoking,1.331632,3.7872,-5.094831
A_traditional,hypertension,0.0,1.0,-5.094831
B_full_sss,age,0.054023,1.0555,-4.563873
B_full_sss,sex,1.059021,2.8835,-4.563873
B_full_sss,ldl1,-0.275951,0.7589,-4.563873
B_full_sss,on_statin,1.448769,4.2579,-4.563873
B_full_sss,dm,0.0,1.0,-4.563873
B_full_sss,smoking,1.108819,3.0308,-4.563873
B_full_sss,hypertension,0.0,1.0,-4.563873
B_full_sss,xanthomata,1.709167,5.5244,-4.563873
B_full_sss,sss,-0.658541,0.5176,-4.563873
C_sss_only,sss,0.166619,1.1813,-2.176589
